born_date,born_year,current_team,height,name,weight
September 7,1998,Dallas Stars,6-2,Nicholas Caamano,195lb
May 15,1953, ,5-11,Brett Callighen,182lb
April 23,1961, ,6-1,Jock Callander,188lb
August 17,1956, ,6-2,Drew Callander,185lb
March 21,1985, ,5-10,Ryan Callahan,187lb
August 17,1991, ,5-11,Mitch Callahan,198lb
September 23,1999, ,6-1,Michael Callahan,191lb
December 20,1982, ,6-3,Joe Callahan,220lb
July 30,1916, ,5-9,Norm Calladine,155lb
,,, ,Brady Calla,(Age: 32-305d)
October 9,1945, ,5-10,Don Caley,160lb
June 15,1981, ,6-2,Ryan Caldwell,174lb
January 5,1979, ,5-11,Kyle Calder,177lb
July 26,1963, ,6-1,Eric Calder,180lb
January 3,2001, ,5-10,Maxim Cajkovic,185lb
August 18,1975, ,5-11,Petr Cajanek,193lb
April 27,1998, ,6-2,Matthew Cairns,200lb
June 27,1974, ,6-6,Eric Cairns,230lb
October 8,1955, ,6-1,Don Cairns,195lb
December 24,1912, ,5-11,Herb Cain,180lb
March 22,1899, ,5-8,Francis Cain,175lb
January 4,1904, ,5-10,Charles Cahill,180lb
May 29,1906, ,5-10,Art Chapman,170lb
May 9,1991,Montreal Canadiens,6-3,Ben Chiarot,225lb
April 23,1961, ,5-8,Alain Chevrier,180lb
July 8,1980, ,6-3,Eric Chouinard,215lb
September 18,1966, ,6-1,Tom Chorske,212lb
April 27,1987, ,6-0,Taylor Chorney,193lb
November 8,1959, ,6-0,Marc Chorney,200lb
February 15,1998,Detroit Red Wings,6-2,Dennis Cholowski,197lb
June 9,1999,San Jose Sharks,6-0,Sasha Chmelevski,180lb
June 3,1997, ,6-2,Filip Chlapik,194lb
August 7,2001, ,5-10,Semyon Chystyakov,167lb
October 30,1968, ,6-1,Dean Chynoweth,191lb
May 3,1966, ,6-4,Jeff Chychrun,215lb
March 31,1998,Arizona Coyotes,6-2,Jakob Chychrun,210lb
,,, ,Marek Chvatal,(Age: 36-352d)
June 24,1965, ,6-1,Shane Churla,200lb
,,, ,Jason Churchill,(Age: 35-069d)
,,, ,Christopher Clapperton,(Age: 26-326d)
February 9,1907, ,6-2,Dit Clapper,195lb
May 20,2002, ,6-2,Calle Clang,194lb
April 2,1943, ,5-11,Terry Clancy,195lb
February 25,1903, ,5-7,King Clancy,155lb
January 13,1991,St. Louis Blues,6-2,Kyle Clifford,211lb
,,, ,Will Colbert,(Age: 35-342d)
December 26,2001, ,6-1,Sam Colangelo,205lb
January 27,1983, ,6-1,Carlo Colaiacovo,202lb
April 25,1989, ,6-2,Colby Cohen,200lb
June 14,1987,Dallas Stars,5-10,Andrew Cogliano,177lb
February 19,1998,Vegas Golden Knights,6-2,Dylan Coghlan,190lb
January 1,1935, ,5-11,Les Colwill,170lb
February 8,1921, ,5-6,Les Colvin,150lb
August 4,1914, ,5-11,Neil Colville,175lb
May 2,1992,Florida Panthers,6-3,Brett Connolly,192lb
December 23,1983, ,5-8,Chris Conner,190lb
December 16,1939, ,5-10,Wayne Connelly,170lb
December 22,1950, ,6-0,Gary Connelly,185lb
April 22,1909, ,5-11,Bert Connelly,174lb
,,, ,Joe Cooper,(Age: 35-220d)
August 29,1915, ,5-5,Hal Cooper,155lb
August 28,1960, ,5-10,Ed Cooper,188lb
November 2,1973, ,6-2,David Cooper,204lb
July 17,1899, ,5-7,Carson Cooper,160lb
October 29,1978, ,6-3,Chris Corrinet,220lb
January 11,1946, ,5-10,Mike Corrigan,175lb
February 24,1958, ,6-0,Tim Coulis,200lb
September 19,1994, ,6-2,Liam Coughlin,190lb
June 6,1892, ,5-10,Jack Coughlin,170lb
December 28,1947, ,5-8,Tom Cottringer,160lb
July 9,1997, ,6-2,David Cotton,200lb
November 5,1902, ,5-10,Baldy Cotton,155lb
May 12,2001, ,6-1,Alex Cotton,175lb
January 25,1991, ,6-5,Jared Cowen,238lb
September 27,1976, ,6-2,Jeff Cowan,205lb
,,, ,Steven Covington,(Age: 34-348d)
,,, ,Nick Crawford,(Age: 30-325d)
February 13,1961, ,5-11,Marc Crawford,185lb
November 5,1962, ,6-0,Lou Crawford,185lb
October 26,1916, ,5-11,Jack Crawford,200lb
December 31,1984, ,6-2,Corey Crawford,216lb
May 27,1960, ,5-8,Bobby Crawford,180lb
April 6,1959, ,5-11,Bob Crawford,180lb
June 23,1997,Arizona Coyotes,6-4,Lawson Crouse,220lb
May 5,1999,Arizona Coyotes,6-3,Cameron Crotty,182lb
June 20,1946, ,6-0,Gary Croteau,205lb
June 13,1960, ,6-2,Doug Crossman,190lb
April 18,1900, ,6-0,Stan Crossett,200lb
September 12,1989, ,6-3,Tommy Cross,205lb
March 13,1965, ,6-0,Jim Culhane,190lb
,,, ,Jakub Culek,(Age: 28-128d)
June 17,1997, ,6-2,Karlis Cukste,203lb
July 4,1910, ,5-9,Wilf Cude,146lb
,,, ,Jimmy Cuddihy,(Age: 36-266d)
June 18,1950, ,5-10,Steve Cuddie,190lb
October 22,1925, ,6-0,Hugh Currie,190lb
January 9,1991, ,6-2,Kevin Czuczman,206lb
,,, ,Drew Czerwonka,(Age: 28-196d)
April 13,1972, ,6-0,Mariusz Czerkawski,200lb
,,, ,Robert Czarnik,(Age: 30-354d)
December 12,1992, ,5-9,Austin Czarnik,175lb
October 31,1963, ,5-10,Paul Cyr,180lb
February 4,1961, ,5-10,Denis Cyr,180lb
March 27,1939, ,5-10,Claude Cyr,180lb
February 5,2002, ,6-2,William Cuylle,204lb
February 24,1953, ,6-3,Don Cutts,190lb
December 29,1981, ,6-3,Jakub Cutta,214lb
October 5,1942, ,5-10,Jean Cusson,170lb
November 29,1933, ,6-2,Ian Cushenan,195lb
September 29,1947, ,6-0,Paul Curtis,185lb
January 29,1962, ,6-0,Tony Curtale,185lb
,,, ,Sean Curry,(Age: 38-259d)
,,, ,Mike Curry,(Age: 36-115d)
February 27,1984, ,5-11,John Curry,185lb
August 11,1925, ,5-11,Floyd Curry,174lb
November 12,1957, ,5-11,Tony Currie,166lb
October 29,1992, ,5-11,Josh Currie,190lb
July 18,1958, ,6-2,Glen Currie,180lb
March 15,1968, ,6-2,Dan Currie,195lb
April 14,1944, ,5-9,Mike Curran,175lb
December 18,1989,Anaheim Ducks,6-2,Kodie Curran,200lb
November 5,1963, ,6-5,Brian Curran,220lb
,,, ,Gianluca Curcuruto,(Age: 26-323d)
January 8,1924, ,5-8,Bill Cupolo,170lb
,,, ,Luca Cunti,(Age: 31-193d)
March 3,1951, ,5-11,Rick Cunningham,180lb
October 4,1913, ,5-8,Les Cunningham,165lb
August 15,1956, ,5-11,Jim Cunningham,185lb
August 28,1950, ,6-0,Gary Cunningham,175lb
September 13,1990, ,5-10,Craig Cunningham,184lb
February 26,1941, ,5-11,Bob Cunningham,168lb
,,, ,Cam Cunning,(Age: 35-223d)
July 9,1943, ,5-9,John Cunniff,175lb
May 10,1961, ,6-0,Randy Cunneyworth,198lb
April 23,1990, ,5-9,Mark Cundari,195lb
May 17,1970, ,6-2,Jim Cummins,212lb
January 25,1949, ,5-9,Barry Cummins,175lb
December 2,1986, ,5-11,Kyle Cumiskey,180lb
January 19,1990, ,6-2,Tyler Cuma,196lb
December 4,1972, ,6-5,Jassen Cullimore,235lb
September 20,1941, ,5-11,Ray Cullen,180lb
November 2,1976, ,6-1,Matt Cullen,202lb
October 28,1978, ,5-11,Mark Cullen,182lb
August 2,1964, ,5-10,John Cullen,182lb
December 30,1976, ,6-2,David Cullen,209lb
November 11,1933, ,5-10,Brian Cullen,160lb
June 16,1935, ,6-0,Barry Cullen,183lb
December 15,1993, ,6-2,Ryan Culkin,201lb
July 12,1911, ,6-1,Nels Crutchfield,175lb
,,, ,Victor CrusRydberg,(Age: 25-298d)
March 16,1942, ,5-8,Roger Crozier,165lb
April 19,2000, ,6-1,Maxwell Crozier,195lb
February 19,1929, ,6-0,Joe Crozier,185lb
July 6,1976, ,6-3,Greg Crozier,200lb
May 3,1970, ,6-2,Ted Crowley,188lb
December 26,1955, ,5-9,Paul Crowley,182lb
July 4,1975, ,5-11,Mike Crowley,190lb
,,, ,Dane Crowley,(Age: 33-357d)
April 4,1970, ,6-2,Phil Crowe,230lb
May 3,1968, ,6-4,Troy Crowder,220lb
,,, ,Tim Crowder,(Age: 34-089d)
January 6,1959, ,6-0,Keith Crowder,190lb
March 25,1957, ,6-0,Bruce Crowder,180lb
February 6,1957, ,6-0,Jim Cross,187lb
January 3,1971, ,6-5,Cory Cross,225lb
August 7,1987,Pittsburgh Penguins,5-11,Sidney Crosby,200lb
October 2,1999, ,5-10,Angus Crookshank,181lb
August 20,1963, ,6-2,Shawn Cronin,225lb
April 16,1957, ,5-11,Mike Crombeen,190lb
July 10,1985, ,6-2,B.J. Crombeen,209lb
November 19,1914, ,5-11,Maurice Croghan,185lb
,,,,Glen Critch,
May 14,1967, ,6-2,Ed Cristofoli,205lb
May 28,1943, ,5-10,Terry Crisp,180lb
April 8,1994, ,6-3,Connor Crisp,220lb
May 5,1992, ,5-8,Kyle Criscuolo,180lb
April 13,1950, ,5-11,Jiri Crha,170lb
May 4,2001, ,6-7,Louis Crevier,209lb
August 29,1934, ,5-9,Glen Cressman,155lb
January 2,1950, ,6-1,Dave Cressman,180lb
July 29,1992, ,6-4,Andrew Crescenzi,199lb
November 18,1905, ,5-9,Jimmy Creighton,150lb
June 24,1930, ,6-1,Dave Creighton,195lb
June 2,1965, ,6-5,Adam Creighton,220lb
February 2,1997, ,6-1,Brandon Crawley,202lb
,,, ,Brandon Crawford-West,(Age: 38-196d)
November 7,1885, ,5-11,Rusty Crawford,165lb
July 20,1964, ,6-3,Murray Craven,195lb
June 15,1946, ,6-0,Bart Crashley,180lb
February 26,2002, ,6-3,Will Cranley,183lb
,,, ,Chris Crane,(Age: 29-042d)
October 26,1992, ,6-0,Joseph Cramarossa,192lb
April 24,1971, ,5-11,Dale Craigwell,180lb
November 23,1971, ,6-0,John Craighead,195lb
January 6,1982, ,6-1,Ryan Craig,215lb
June 6,1971, ,6-1,Mike Craig,185lb
May 31,1957, ,6-1,Jim Craig,190lb
July 15,1985, ,6-3,Adam Cracknell,209lb
April 3,1983, ,6-1,Joey Crabb,190lb
February 9,2001, ,6-3,Dylan Cozens,183lb
March 2,1992,Boston Bruins,6-3,Charlie Coyle,200lb
January 21,1964, ,6-4,Craig Coxe,210lb
October 12,1903, ,5-10,Danny Cox,180lb
July 19,1904, ,5-6,Abbie Cox,140lb
December 4,1964, ,6-0,Wayne Cowley,185lb
,,, ,Evan Cowley,(Age: 25-166d)
June 12,1912, ,5-10,Bill Cowley,165lb
November 3,1967, ,6-0,Rob Cowie,195lb
,,, ,Corey Cowick,(Age: 31-165d)
August 18,1951, ,6-1,Bruce Cowick,200lb
April 23,1968, ,6-2,Sylvain Couturier,205lb
December 7,1992,Philadelphia Flyers,6-3,Sean Couturier,211lb
July 24,1905, ,5-11,Rosie Couture,164lb
March 28,1989,San Jose Sharks,6-1,Logan Couture,200lb
August 6,1925, ,6-2,Gerry Couture,185lb
May 3,1951, ,5-11,Rich Coutu,176lb
March 1,1892, ,5-11,Billy Coutu,190lb
June 20,1993,Nashville Predators,5-11,Nick Cousins,185lb
,,, ,Marco Cousineau,(Age: 31-065d)
April 30,1973, ,5-9,Marcel Cousineau,183lb
April 2,1975, ,6-1,Larry Courville,180lb
June 2,1965, ,5-11,Russ Courtnall,185lb
,,, ,Justin Courtnall,(Age: 31-237d)
August 18,1962, ,6-1,Geoff Courtnall,204lb
February 2,1968, ,6-4,Ed Courtenay,215lb
April 25,1964, ,6-0,Yves Courteau,195lb
February 18,1920, ,5-8,Maurice Courteau,162lb
November 22,1943, ,5-7,Yvan Cournoyer,178lb
March 17,1951, ,5-10,Norm Cournoyer,170lb
,,, ,Adam Courchaine,(Age: 36-235d)
April 21,1911, ,6-2,Thomas Coulter,195lb
January 2,1963, ,6-2,Neal Coulter,190lb
May 31,1909, ,5-11,Art Coulter,185lb
February 17,1908, ,5-11,D'arcy Coulson,175lb
April 23,1985, ,5-11,Patrick Coulombe,185lb
November 16,1999,Vegas Golden Knights,6-0,Paul Cotter,191lb
January 19,1966, ,5-11,Sylvain Cote,201lb
December 22,1939, ,5-9,Roger Cote,184lb
March 16,1982, ,6-2,Riley Cote,220lb
May 31,1961, ,5-11,Ray Cote,170lb
January 24,1975, ,6-3,Patrick Cote,220lb
April 22,1982, ,6-3,Jean-Philippe Cote,213lb
April 14,1967, ,6-0,Alain Cote,207lb
May 3,1957, ,5-10,Alain Cote,203lb
February 21,1900, ,5-11,Charlie Cotch,175lb
July 7,2001, ,5-10,Arvid Costmar,180lb
June 27,1963, ,6-0,Rich Costello,175lb
February 24,1934, ,6-3,Murray Costello,190lb
February 16,1928, ,5-8,Les Costello,158lb
,,, ,Jeff Costello,(Age: 30-054d)
August 16,2002, ,5-11,Matteo Costantini,173lb
June 20,1954, ,5-9,Jacques Cossette,185lb
June 1,1999, ,6-0,Cole Coskey,198lb
February 4,1957, ,6-2,Ross Cory,195lb
June 20,1977, ,6-0,Joe Corvo,204lb
August 13,1966, ,6-1,Shayne Corson,202lb
April 3,1978, ,5-10,Daniel Corso,187lb
June 19,1954, ,5-10,Jim Corsi,180lb
February 8,1967, ,6-1,Yvon Corriveau,195lb
May 15,1928, ,5-8,Andre Corriveau,135lb
May 22,1916, ,6-2,Chuck Corrigan,192lb
March 17,1988, ,6-0,Matthew Corrente,205lb
March 26,1993, ,6-0,Frank Corrado,205lb
November 13,1972, ,6-1,Mark Cornforth,193lb
March 28,1990, ,6-0,Philippe Cornet,196lb
April 11,1996, ,6-2,Eric Cornel,198lb
March 23,1905, ,5-10,Roger Cormier,167lb
June 14,1990, ,6-2,Patrice Cormier,215lb
December 22,1945, ,5-9,Michel Cormier,170lb
March 27,2002, ,5-9,Lukas Cormier,180lb
,,, ,Kevin Cormier,(Age: 34-352d)
November 6,1997, ,6-3,Evan Cormier,200lb
December 18,1967, ,6-2,Bob Corkum,225lb
November 5,1991, ,6-5,Jared Coreau,214lb
August 15,1931, ,5-10,Norm Corcoran,160lb
August 7,2000, ,6-2,Connor Corcoran,185lb
,,, ,J.D. Corbin,(Age: 35-296d)
October 4,1942, ,6-2,Mike Corbett,195lb
June 25,1973, ,6-0,Rene Corbet,195lb
,,, ,Nicolas Corbeil,(Age: 37-289d)
,,, ,Mathieu Corbeil,(Age: 29-108d)
February 9,1894, ,5-11,Bert Corbeau,200lb
April 21,1979, ,5-10,Carl Corazzini,182lb
November 15,1918, ,5-11,Bobby Copp,180lb
July 8,1994,Winnipeg Jets,6-1,Andrew Copp,206lb
January 18,1992, ,6-4,Pheonix Copley,200lb
December 14,1914, ,6-2,Joe Cooper,200lb
November 1,1993, ,5-10,Brian Cooper,197lb
February 8,1945, ,5-10,Gaye Cooley,185lb
September 7,1978, ,5-11,Matt Cooke,205lb
May 7,1907, ,5-7,Tom Cook,140lb
,,, ,Tim Cook,(Age: 36-306d)
March 21,1890, ,6-0,Lloyd Cook,170lb
September 18,1903, ,5-11,Bun Cook,180lb
November 20,1907, ,5-10,Bud Cook,160lb
January 6,1946, ,6-0,Bob Cook,190lb
October 9,1896, ,5-10,Bill Cook,170lb
December 16,1910, ,5-11,Eddie Convey,165lb
February 4,1974, ,6-1,Brandon Convery,195lb
January 29,1957, ,5-10,Joe Contini,178lb
April 30,1954, ,6-1,Charles Constantin,192lb
August 28,1951, ,6-0,Mike Conroy,180lb
September 4,1971, ,6-2,Craig Conroy,193lb
January 17,1966, ,5-8,Al Conroy,170lb
October 19,1904, ,5-9,Bob Connors,165lb
December 9,1996,Winnipeg Jets,6-1,Kyle Connor,182lb
December 3,1904, ,6-0,Harry Connor,195lb
August 10,1954, ,6-2,Cam Connor,200lb
May 7,1981, ,6-1,Tim Connolly,190lb
July 3,1989, ,5-9,Mike Connolly,180lb
February 8,1902, ,5-9,Alec Connell,150lb
February 23,1990,Florida Panthers,6-2,Kevin Connauton,205lb
September 3,1968, ,6-2,Rob Conn,200lb
October 25,1904, ,5-11,Red Conn,180lb
March 30,1976, ,6-1,Ty Conklin,185lb
August 6,1986, ,5-11,Erik Condra,185lb
,,, ,Nathan Condon,(Age: 30-229d)
April 27,1990, ,6-2,Mike Condon,195lb
March 22,1982, ,6-2,Tim Conboy,210lb
,,, ,Andrew Conboy,(Age: 32-242d)
October 5,1916, ,6-2,Roy Conacher,175lb
July 29,1932, ,5-10,Pete Conacher,165lb
May 1,1959, ,5-8,Pat Conacher,190lb
May 24,1901, ,6-2,Lionel Conacher,195lb
May 5,1921, ,5-10,Jim Conacher,155lb
December 14,1989, ,5-8,Cory Conacher,180lb
December 20,1909, ,6-1,Charlie Conacher,195lb
August 31,1941, ,6-3,Brian Conacher,197lb
January 8,1999,Anaheim Ducks,6-2,Max Comtois,215lb
February 7,1977, ,5-11,Paul Comrie,192lb
September 11,1980, ,5-10,Mike Comrie,185lb
July 6,1995,New Jersey Devils,6-1,Eric Comrie,175lb
July 31,1990, ,6-4,Adam Comrie,220lb
April 8,1995,Colorado Avalanche,6-0,J.T. Compher,190lb
November 7,1979, ,6-4,Mike Commodore,227lb
July 19,2002, ,6-2,Drew Commesso,180lb
October 25,1948, ,5-8,Rey Comeau,190lb
February 18,1986,Dallas Stars,6-1,Blake Comeau,200lb
January 8,1916, ,5-9,Mac Colville,175lb
September 11,1996, ,6-0,Ross Colton,202lb
August 4,1968, ,6-3,Michael Colman,225lb
,,, ,Shawn Collymore,(Age: 37-256d)
October 16,1949, ,5-9,Bob Collyard,170lb
January 13,1985, ,6-2,Jeremy Colliton,195lb
December 29,1988, ,6-3,Sean Collins,184lb
October 30,1983, ,6-1,Sean Collins,205lb
February 9,1983, ,5-9,Sean Collins,170lb
May 6,1996, ,6-5,Ryan Collins,212lb
March 15,1978, ,5-10,Rob Collins,174lb
September 27,1935, ,5-11,Gary Collins,185lb
,,, ,Dusty Collins,(Age: 35-320d)
,,, ,Dan Collins,(Age: 33-322d)
July 13,1943, ,6-1,Bill Collins,178lb
May 6,1910, ,6-2,Norm Collings,175lb
,,, ,Brendan Collier,(Age: 27-097d)
August 21,1953, ,5-9,Tom Colley,162lb
January 4,1979, ,5-10,Kevin Colley,175lb
February 23,1994, ,5-11,Sebastian Collberg,185lb
April 3,1985, ,6-4,Gerald Coleman,214lb
November 28,1991,Tampa Bay Lightning,5-11,Blake Coleman,200lb
August 13,1951, ,5-8,Jim Cole,175lb
February 21,1989,Colorado Avalanche,6-1,Ian Cole,225lb
November 6,1978, ,6-2,Erik Cole,210lb
January 10,1967, ,5-11,Danton Cole,185lb
January 30,1990, ,6-5,Joe Colborne,221lb
June 28,1950, ,5-11,Howie Colborne,185lb
December 15,1928, ,6-0,Hugh Coflin,190lb
June 1,1961, ,6-0,Paul Coffey,205lb
December 1,2001, ,6-4,Brandon Coe,188lb
March 3,1999, ,5-8,Logan Cockerill,165lb
January 29,1958, ,6-2,Glen Cochrane,205lb
February 27,1985,Ottawa Senators,6-5,Braydon Coburn,223lb
July 27,1950, ,5-9,Steve Coates,172lb
September 22,1952, ,6-0,Brian Coates,195lb
July 8,1950, ,5-10,Gary Coalter,185lb
April 11,1978, ,6-1,Ben Clymer,200lb
November 18,1987,New York Islanders,5-11,Cal Clutterbuck,215lb
May 8,1998, ,6-1,Nathan Clurman,190lb
February 20,1930, ,5-9,Wally Clune,150lb
April 25,1987, ,5-10,Rich Clune,207lb
September 30,1982, ,6-3,Ryane Clowe,225lb
February 13,1974, ,6-0,Sylvain Cloutier,200lb
October 6,1957, ,5-8,Roland Cloutier,157lb
February 15,1960, ,6-0,Rejean Cloutier,185lb
July 30,1956, ,5-10,Real Cloutier,185lb
January 3,1960, ,5-7,Jacques Cloutier,168lb
April 22,1976, ,6-1,Dan Cloutier,195lb
April 14,1985, ,5-11,Grant Clitsome,215lb
April 29,1956, ,6-2,Steve Clippingdale,195lb
November 14,1931, ,5-7,Bruce Cline,137lb
March 5,1950, ,5-11,Ron Climie,185lb
February 11,1983, ,6-3,Matt Climie,194lb
April 28,1995,Boston Bruins,5-11,Connor Clifton,175lb
May 26,1966, ,5-9,Chris Clifford,167lb
March 23,1987, ,6-0,Marc-Andre Cliche,202lb
,,, ,Maxime Clermont,(Age: 29-013d)
October 26,1992, ,6-0,Adam Clendening,189lb
July 23,1977, ,6-2,Scott Clemmensen,201lb
December 20,1950, ,6-1,Bill Clement,194lb
March 11,1890, ,5-10,Sprague Cleghorn,190lb
September 19,1891, ,5-9,Odie Cleghorn,195lb
December 18,1978, ,6-1,Dan Cleary,205lb
November 10,1942, ,5-11,Ray Clearwater,175lb
August 24,1977, ,6-1,Greg Classen,200lb
March 31,1984, ,6-0,David Clarkson,207lb
June 11,1979, ,5-9,Noah Clarke,190lb
,,, ,Michael Clarke,(Age: 26-259d)
August 11,1954, ,6-3,Jim Clarke,215lb
April 24,2001, ,5-11,Graeme Clarke,175lb
March 23,1978, ,6-2,Dale Clarke,193lb
May 15,1996, ,6-1,Cameron Clarke,170lb
August 13,1949, ,5-10,Bobby Clarke,185lb
October 25,1966, ,5-11,Wendel Clark,194lb
June 18,1897, ,6-1,Nobby Clark,190lb
,,, ,Morgan Clark,(Age: 30-331d)
October 17,1990, ,6-4,Mat Clark,213lb
October 13,1999, ,6-3,Kody Clark,185lb
,,, ,Jason Clark,(Age: 28-321d)
May 31,1952, ,5-10,Gordie Clark,180lb
January 10,1964, ,6-1,Dean Clark,180lb
November 3,1957, ,6-1,Dan Clark,195lb
March 8,1976, ,6-0,Chris Clark,198lb
December 23,1976, ,6-0,Brett Clark,194lb
June 5,1998,Los Angeles Kings,5-11,Kale Clague,185lb
November 24,1992, ,6-1,Fredrik Claesson,196lb
,,, ,Matt Clackson,(Age: 35-262d)
February 13,1955, ,5-11,Kim Clackson,195lb
February 27,1991,New York Islanders,5-11,Casey Cizikas,195lb
,,, ,Martin Cizek,(Age: 36-241d)
,,, ,Yasin Cisse,(Age: 28-308d)
February 25,1978, ,6-0,Marian Cisar,197lb
February 21,1971, ,5-9,Jason Cirone,185lb
July 15,1997,Tampa Bay Lightning,6-0,Anthony Cirelli,193lb
May 9,1963, ,6-3,Joe Cirella,210lb
February 15,1970, ,6-0,Rob Cimetta,190lb
June 14,1971, ,5-11,Tony Cimellaro,180lb
October 19,1969, ,6-1,Zdeno Ciger,190lb
October 15,1934, ,6-2,Hank Ciesla,190lb
May 13,1974, ,6-2,Jozef Cierny,185lb
October 30,1977, ,6-1,Ivan Ciernik,234lb
,,, ,Michael Cichy,(Age: 30-189d)
September 17,1963, ,5-11,Chris Cichocki,185lb
April 10,1970, ,6-5,Enrico Ciccone,220lb
January 14,2001, ,5-10,Eric Ciccolini,160lb
February 8,1960, ,5-10,Dino Ciccarelli,185lb
May 17,1980, ,6-1,Martin Cibak,196lb
July 15,1969, ,5-10,Peter Ciavaglia,173lb
July 11,1971, ,6-1,Dave Chyzowski,190lb
September 5,1999,New York Rangers,6-2,Filip Chytil,206lb
May 24,1915, ,5-11,Jack Church,180lb
November 14,1976, ,6-1,Brad Church,210lb
April 3,1995, ,6-2,Ivan Chukarov,190lb
,,, ,Maxim Chudinov,(Age: 30-294d)
March 13,1986, ,6-2,Kris Chucko,190lb
December 13,1979, ,6-1,Artem Chubarov,205lb
April 3,1930, ,6-0,Bob Chrystal,180lb
August 28,2000, ,6-4,Magnus Chrona,194lb
August 20,2002, ,5-11,Martin Chromiak,187lb
January 23,1958, ,6-1,Steve Christoff,180lb
,,, ,Taylor Christie,(Age: 38-011d)
July 3,1978, ,6-3,Ryan Christie,200lb
December 20,1949, ,6-0,Mike Christie,190lb
,,, ,Matt Christie,(Age: 35-326d)
July 14,1944, ,5-6,Keith Christiansen,155lb
July 30,1970, ,6-2,Jeff Christian,210lb
May 12,1959, ,5-11,Dave Christian,175lb
December 17,1983, ,6-1,Erik Christensen,200lb
,,, ,Jan Chovan,(Age: 37-128d)
April 11,1980, ,6-1,Mathieu Chouinard,211lb
May 6,1977, ,6-5,Marc Chouinard,218lb
,,, ,Joel Chouinard,(Age: 30-280d)
October 20,1956, ,5-11,Guy Chouinard,182lb
January 5,1902, ,5-6,Gene Chouinard,160lb
May 9,1998, ,6-7,Brayden Chizen,191lb
April 17,1983, ,5-10,Stanislav Chistov,200lb
April 1,1915, ,5-11,Lex Chisholm,175lb
January 12,2000, ,6-1,Declan Chisholm,185lb
February 25,1963, ,6-3,Colin Chisholm,200lb
November 11,1934, ,5-9,Art Chisholm,160lb
March 28,1954, ,5-11,Ron Chipperfield,186lb
February 19,1986, ,6-2,Kyle Chipchura,203lb
April 5,1945, ,5-11,Jack Chipchase,205lb
April 25,1983, ,5-11,Andy Chiodo,192lb
August 15,1953, ,5-11,Rick Chinnick,180lb
February 1,2001, ,6-0,Yegor Chinakhov,178lb
May 2,1979, ,6-3,Jason Chimera,215lb
November 30,1957, ,5-11,Dan Chicoine,192lb
February 26,1993, ,6-4,Andrei Chibisov,227lb
April 19,1968, ,6-0,Igor Chibirev,180lb
April 14,1967, ,6-1,Steve Chiasson,205lb
October 1,1990,Edmonton Oilers,6-3,Alex Chiasson,208lb
May 2,1932, ,5-10,Real Chevrefils,180lb
,,, ,Marc Cheverie,(Age: 33-326d)
February 15,1968, ,5-10,Tim Cheveldae,195lb
April 20,1970, ,6-0,Denis Chervyakov,185lb
February 5,1934, ,5-11,Don Cherry,180lb
March 28,1937, ,6-0,Dick Cherry,195lb
,,, ,Dmitri Chernykh,(Age: 35-321d)
September 1,1963, ,5-8,Rich Chernomaz,185lb
May 13,1946, ,5-10,Mike Chernoff,175lb
,,, ,Alexei Cherepanov,(Age: 31-364d)
March 8,1991, ,6-2,Jake Chelios,185lb
January 25,1962, ,6-0,Chris Chelios,191lb
January 4,1999, ,5-10,Ivan Chekhovich,185lb
December 7,1940, ,5-11,Gerry Cheevers,185lb
July 15,1980, ,6-1,Jonathan Cheechoo,200lb
May 22,1918, ,5-10,Lude Check,165lb
February 23,2001, ,6-3,Daniil Chechelev,187lb
August 1,1997, ,6-0,Nikolai Chebykin,183lb
April 23,1975, ,6-2,Vladimir Chebaturkin,226lb
October 30,1995, ,6-2,Connor Chatham,222lb
May 16,1996,Vancouver Canucks,6-1,Jalen Chatfield,188lb
February 7,1970, ,6-2,Denis Chasse,200lb
October 25,1967, ,5-11,Kelly Chase,201lb
January 1,1995, ,6-0,Gregory Chase,190lb
December 21,1949, ,6-0,Claude Chartre,180lb
July 13,1954, ,6-2,Rick Chartraw,210lb
December 14,1974, ,5-11,Brad Chartrand,185lb
April 3,1996, ,5-11,Rourke Chartier,190lb
February 15,1961, ,5-9,Dave Chartier,170lb
January 24,1949, ,5-10,Guy Charron,170lb
January 14,1970, ,6-3,Eric Charron,195lb
April 18,1977, ,5-9,Sebastien Charpentier,177lb
March 22,1965, ,6-1,Todd Charlesworth,190lb
,,, ,Joe Charlebois,(Age: 34-330d)
May 27,1944, ,6-0,Bob Charlebois,175lb
June 27,1970, ,6-2,Stephane Charbonneau,195lb
November 21,1966, ,6-0,Jose Charbonneau,195lb
March 18,1977,Washington Capitals,6-9,Zdeno Chara,250lb
,,, ,Stefan Chaput,(Age: 32-308d)
April 9,1992, ,6-2,Michael Chaput,199lb
February 10,1968, ,6-1,Brian Chapman,195lb
June 13,1956, ,6-1,Blair Chapman,190lb
September 27,1966, ,6-1,Rene Chapdelaine,195lb
December 2,1942, ,5-10,Bob Champoux,175lb
,,, ,Joel Champagne,(Age: 30-355d)
September 19,1943, ,6-0,Andre Champagne,190lb
October 11,1966, ,6-2,Shawn Chambers,210lb
February 14,1915, ,5-11,Murph Chamberlain,165lb
July 4,1953, ,5-10,Milan Chalupa,183lb
January 24,1934, ,6-0,Chick Chalmers,180lb
September 8,1999, ,6-1,Jocktan Chainey,194lb
May 8,1933, ,5-11,Ed Chadwick,184lb
September 16,1919, ,5-10,John Chad,167lb
January 30,1997,Ottawa Senators,6-2,Thomas Chabot,190lb
October 5,1900, ,6-1,Lorne Chabot,185lb
May 18,1962, ,6-2,John Chabot,200lb
February 12,1968, ,5-11,Frederic Chabot,187lb
,,, ,Martin Chabada,(Age: 43-213d)
,,, ,Jiri Cetkovsky,(Age: 37-070d)
December 10,1985, ,5-11,Roman Cervenka,201lb
June 3,1953, ,5-10,Frantisek Cernik,189lb
May 28,1997,Tampa Bay Lightning,6-3,Erik Cernak,233lb
,,, ,Peter Ceresnak,(Age: 27-353d)
April 24,1929, ,5-9,Ray Ceresino,160lb
,,, ,Cameron Cepek,(Age: 33-001d)
March 26,1981, ,6-1,Sebastien Centomo,200lb
,,, ,Patrick Cehlin,(Age: 29-170d)
August 2,1995, ,6-2,Peter Cehlarik,202lb
August 23,2000, ,6-1,Filip Cederqvist,187lb
January 30,1998, ,6-3,Jacob Cederholm,195lb
February 21,1995, ,6-2,Anton Cederholm,204lb
December 21,1993,Pittsburgh Penguins,6-2,Cody Ceci,210lb
March 2,1971, ,6-3,Roman Cechmanek,187lb
May 23,1997,Dallas Stars,6-3,Joseph Cecconi,210lb
,,, ,Julien Cayer,(Age: 31-191d)
December 26,1994, ,6-1,Colby Cave,200lb
March 24,1982, ,6-0,Tom Cavanagh,200lb
October 13,1965, ,6-1,Paul Cavallini,202lb
November 24,1962, ,6-1,Gino Cavallini,215lb
March 19,2001, ,6-3,Judd Caulfield,205lb
July 17,1960, ,6-4,Jay Caufield,237lb
January 2,2001, ,5-7,Cole Caufield,163lb
February 5,1999, ,6-0,Noah Cates,165lb
March 9,1993, ,5-10,Daniel Catenacci,193lb
May 7,1956, ,5-11,Tony Cassolato,180lb
June 12,1975, ,6-4,Frederic Cassivi,215lb
March 15,1952, ,5-11,Tom Cassidy,180lb
May 20,1965, ,5-11,Bruce Cassidy,176lb
May 4,1995, ,6-0,Cole Cassels,178lb
July 23,1969, ,6-1,Andrew Cassels,185lb
August 23,1968, ,5-11,Mike Casselman,190lb
June 24,1945, ,6-1,Wayne Cashman,208lb
March 29,1962, ,5-10,Jon Casey,155lb
,,, ,Benjamin Casavant,(Age: 29-358d)
March 21,1918, ,5-10,Joe Carveth,180lb
July 5,1988, ,6-2,Michael Caruso,191lb
Quebec,," in Verdun, ",5-9,Jean-Yves Cartier,180lb
August 3,1983, ,6-1,Ryan Carter,205lb
March 14,1958, ,6-1,Ron Carter,205lb
April 29,1945, ,6-1,Lyle Carter,185lb
May 3,1963, ,5-10,John Carter,181lb
,,, ,John Carter,(Age: 34-340d)
January 1,1985,Los Angeles Kings,6-3,Jeff Carter,220lb
December 2,1937, ,5-11,Billy Carter,155lb
June 6,1974, ,6-1,Anson Carter,210lb
,,, ,Mario Cartelli,(Age: 41-058d)
November 21,1960, ,6-2,Lindsay Carson,195lb
July 20,1968, ,6-1,Jimmy Carson,200lb
October 10,1905, ,5-10,Gerry Carson,175lb
January 12,1902, ,5-7,Frank Carson,165lb
November 29,1985, ,6-4,Brett Carson,220lb
November 25,1900, ,5-8,Bill Carson,158lb
July 19,1919, ,5-9,Bob Carse,170lb
May 29,1914, ,5-8,Bill Carse,165lb
November 7,1944, ,5-10,Dwight Carruthers,186lb
March 25,1992, ,6-2,Mac Carruth,190lb
,,, ,Chris Carrozzi,(Age: 30-317d)
December 2,1997, ,6-1,Noah Carroll,178lb
November 10,1956, ,6-0,Greg Carroll,185lb
June 3,1897, ,6-2,George Carroll,210lb
January 19,1959, ,5-10,Billy Carroll,190lb
March 26,1994, ,6-4,Austin Carroll,205lb
July 5,1907, ,6-1,Gene Carrigan,200lb
January 30,1952, ,6-1,Larry Carriere,190lb
December 20,1994,Vegas Golden Knights,6-2,William Carrier,218lb
,,, ,Samuel Carrier,(Age: 28-260d)
October 8,1996, ,5-11,Alexandre Carrier,174lb
July 4,1994, ,6-2,Trevor Carrick,196lb
February 4,1992, ,6-0,Sam Carrick,188lb
April 13,1994,New Jersey Devils,5-11,Connor Carrick,192lb
December 29,1916, ,5-8,Red Carr,178lb
July 2,1910, ,5-8,Lorne Carr,161lb
September 17,1951, ,5-11,Gene Carr,185lb
November 1,1991, ,6-0,Daniel Carr,193lb
,,, ,Hugo Carpentier,(Age: 32-302d)
January 18,1991,Chicago Blackhawks,6-0,Ryan Carpenter,200lb
June 15,1890, ,6-0,Ed Carpenter,170lb
July 13,1963, ,6-0,Bob Carpenter,200lb
June 25,1980, ,6-1,Sebastien Caron,170lb
November 2,1990, ,6-3,Jordan Caron,204lb
April 21,1940, ,6-2,Jacques Caron,185lb
,,, ,Francois Caron,(Age: 36-304d)
,,, ,Ed Caron,(Age: 38-258d)
April 27,1938, ,5-9,Alain Caron,182lb
February 3,1970, ,6-1,Keith Carney,207lb
February 1,1968, ,6-0,Patrik Carnback,187lb
,,, ,Mike Carman,(Age: 32-274d)
March 10,1950, ,5-10,Steve Carlyle,180lb
April 19,1956, ,5-10,Randy Carlyle,200lb
July 5,1997,Chicago Blackhawks,6-0,Lucas Carlsson,189lb
August 5,1988, ,6-0,Jonathan Carlsson,198lb
January 2,1997,Columbus Blue Jackets,6-5,Gabriel Carlsson,192lb
November 25,1960, ,5-11,Anders Carlsson,185lb
August 26,1955, ,6-3,Steve Carlson,180lb
January 11,1962, ,6-3,Kent Carlson,200lb
January 10,1990,Washington Capitals,6-3,John Carlson,217lb
July 20,1953, ,6-3,Jeff Carlson,210lb
August 23,1954, ,6-3,Jack Carlson,205lb
November 26,1996,Boston Bruins,6-5,Brandon Carlo,212lb
June 13,1950, ,5-10,Brian Carlin,175lb
August 4,1946, ,6-3,Wayne Carleton,212lb
September 25,1984, ,6-0,Matt Carle,197lb
September 30,1987, ,6-0,Mathieu Carle,201lb
,,, ,David Carle,(Age: 31-065d)
March 7,1966, ,6-3,Terry Carkner,210lb
November 3,1980, ,6-4,Matt Carkner,227lb
September 24,1988, ,6-1,Paul Carey,200lb
February 28,1992, ,6-0,Matt Carey,195lb
May 31,1974, ,6-2,Jim Carey,205lb
November 4,1892, ,5-6,George Carey,140lb
,,, ,Mitch Carefoot,(Age: 36-011d)
August 13,1950, ,5-11,Steve Cardwell,190lb
February 17,1941, ,5-10,Claude Cardin,178lb
August 29,1944, ,5-9,Jim Cardiff,165lb
February 18,1986, ,6-1,Mike Card,201lb
May 19,1996, ,5-9,Michael Carcone,170lb
January 28,1985, ,6-0,Daniel Carcillo,200lb
March 18,1960, ,5-11,Guy Carbonneau,186lb
June 5,1908, ,5-11,Leo Carbol,170lb
October 1,1988, ,6-3,Luca Caputi,200lb
July 7,1966, ,6-2,Jack Capuano,210lb
July 27,1968, ,6-2,Dave Capuano,190lb
May 2,1962, ,5-9,Frank Caprice,150lb
,,, ,Louie Caporusso,(Age: 31-206d)
December 17,2001, ,6-1,Nick Capone,202lb
August 13,1997,Arizona Coyotes,6-1,Kyle Capobianco,196lb
August 9,1986, ,5-11,Patrick Cannone,192lb
January 2,1990, ,6-1,Joe Cannata,205lb
,,, ,Trevor Cann,(Age: 31-289d)
February 13,1998, ,6-1,Cole Candella,189lb
February 16,1999, ,5-11,Nick Campoli,190lb
July 9,1984, ,6-0,Chris Campoli,200lb
July 6,1988, ,5-9,Carter Camper,176lb
April 3,1964, ,6-1,Dom Campedelli,185lb
June 4,1923, ,5-11,Tod Campeau,170lb
April 9,1952, ,6-0,Rychard Campeau,190lb
January 2,1961, ,6-4,Wade Campbell,220lb
June 22,1957, ,6-3,Scott Campbell,205lb
,,, ,Max Campbell,(Age: 32-023d)
,,, ,Joe Campbell,(Age: 38-201d)
February 3,1973, ,6-2,Jim Campbell,205lb
January 9,1992,Toronto Maple Leafs,6-2,Jack Campbell,197lb
December 17,1983, ,6-0,Gregory Campbell,188lb
,,, ,Evan Campbell,(Age: 27-318d)
July 23,1900, ,5-11,Earl Campbell,166lb
July 12,1925, ,5-10,Don Campbell,175lb
April 27,1896, ,6-0,Dave Campbell,200lb
May 12,1984, ,6-1,Darcy Campbell,180lb
January 28,1953, ,6-1,Colin Campbell,201lb
March 27,1944, ,6-0,Bryan Campbell,173lb
May 23,1979, ,5-10,Brian Campbell,192lb
February 4,1988, ,6-4,Andrew Campbell,205lb
February 27,2001, ,5-10,Alexander Campbell,154lb
February 14,1988, ,5-11,Matt Campanale,200lb
May 13,1995, ,5-7,Taylor Cammarata,156lb
June 8,1982, ,5-9,Mike Cammalleri,185lb
November 5,1921, ,6-2,Scotty Cameron,175lb
,,, ,Randy Cameron,(Age: 31-351d)
February 6,1890, ,5-10,Harry Cameron,155lb
July 29,1958, ,6-0,Dave Cameron,185lb
July 19,1945, ,6-0,Craig Cameron,200lb
,,, ,Bryan Cameron,(Age: 31-323d)
December 5,1896, ,5-11,Billy Cameron,160lb
October 21,1955, ,6-1,Al Cameron,205lb
August 12,1993, ,5-11,Tony Cameranesi,185lb
September 11,1962, ,6-2,Tony Camazzola,210lb
January 5,1964, ,5-11,James Camazzola,190lb
September 4,1993, ,6-0,Anthony Camara,192lb
December 24,1989,Colorado Avalanche,5-11,Matt Calvert,186lb
December 20,1972, ,5-10,Jan Caloun,190lb
,,, ,Chris Calnan,(Age: 26-253d)
February 13,1906, ,5-6,Patsy Callighen,175lb
December 25,1933, ,6-2,Larry Cahan,222lb
June 20,1994,Arizona Coyotes,5-10,Drake Caggiula,176lb
April 1,1949, ,5-9,Terry Caffery,165lb
June 30,1934, ,6-0,Jack Caffery,165lb
September 13,1948, ,6-1,Brian Cadle,165lb
,,, ,Frederik Cabana,(Age: 34-242d)
